kecamatan,desa,sls,kdsubsls,idsubsls
AEK KUO,AEK KORSIK,DUSUN 4 PATOK BESI,01,1223030006000401
AEK KUO,AEK KORSIK,DUSUN 4 PATOK BESI,02,1223030006000402
AEK KUO,AEK KORSIK,DUSUN 10 PEKAN,00,1223030006001000
AEK KUO,AEK KORSIK,DUSUN 5 PARIT 10 KAKI,00,1223030006000500
AEK KUO,AEK KORSIK,DUSUN 9 SIDODADI,00,1223030006000900
AEK KUO,AEK KORSIK,DUSUN 12 BANGSAL,00,1223030006001200
AEK KUO,PADANG MANINJAU,DUSUN 9,00,1223030001000800
AEK KUO,PURWOREJO,DUSUN 1,00,1223030007000100
AEK KUO,PURWOREJO,DUSUN 3,00,1223030007000300
AEK KUO,PURWOREJO,DUSUN 4,00,1223030007000400
AEK KUO,AEK KORSIK,DUSUN 6 PERLABEAN,01,1223030006000601
AEK KUO,AEK KORSIK,DUSUN 7 GAMBANGAN,01,1223030006000701
AEK KUO,AEK KORSIK,DUSUN 7 GAMBANGAN,02,1223030006000702
AEK KUO,PERKEBUNAN PANIGORAN,DUSUN 1 PONDOK BARU,00,1223030002000100
AEK KUO,PERKEBUNAN PADANG HALABAN,DUSUN 1,00,1223030005000100
AEK KUO,PERKEBUNAN PADANG HALABAN,DUSUN 2,00,1223030005000200
AEK KUO,PERKEBUNAN PADANG HALABAN,DUSUN 3,00,1223030005000300
AEK KUO,PERKEBUNAN PADANG HALABAN,DUSUN 4,00,1223030005000400
AEK KUO,BANDAR SELAMAT,DUSUN 2 PARSULIMAN,01,1223030008000201
AEK KUO,BANDAR SELAMAT,DUSUN 5 SEI TUALANG,01,1223030008000501
AEK KUO,SIDOMULYO,DUSUN 4,00,1223030003000400
AEK KUO,AEK KORSIK,DUSUN 3 PARIT MINYAK,02,1223030006000302
AEK KUO,AEK KORSIK,DUSUN 3 PARIT MINYAK,03,1223030006000303
AEK KUO,PADANG MANINJAU,DUSUN 6,00,1223030001000500
AEK KUO,PADANG MANINJAU,DUSUN 7,00,1223030001000600
AEK KUO,AEK KORSIK,DUSUN 8 SENTONGAN,00,1223030006000800
AEK KUO,AEK KORSIK,DUSUN 11 PONDOK EMA,00,1223030006001100
AEK KUO,PURWOREJO,DUSUN 5,00,1223030007000500
AEK KUO,AEK KORSIK,DUSUN 7 GAMBANGAN,03,1223030006000703
AEK KUO,AEK KORSIK,DUSUN 7 GAMBANGAN,04,1223030006000704
AEK KUO,SIDOMULYO,DUSUN 2,00,1223030003000200
AEK KUO,AEK KORSIK,DUSUN 3 PARIT MINYAK,01,1223030006000301
AEK KUO,AEK KORSIK,DUSUN 6 PERLABEAN,02,1223030006000602
AEK KUO,AEK KORSIK,DUSUN 7 GAMBANGAN,05,1223030006000705
AEK KUO,AEK KORSIK,DUSUN 7 GAMBANGAN,06,1223030006000706
AEK KUO,AEK KORSIK,DUSUN 1 AEK KORSIK,01,1223030006000101
AEK KUO,AEK KORSIK,DUSUN 1 AEK KORSIK,02,1223030006000102
AEK KUO,AEK KORSIK,DUSUN 2 AMAN,00,1223030006000200
AEK KUO,BANDAR SELAMAT,DUSUN 2 PARSULIMAN,02,1223030008000202
AEK KUO,BANDAR SELAMAT,DUSUN 5 SEI TUALANG,02,1223030008000502
AEK KUO,BANDAR SELAMAT,DUSUN 5 SEI TUALANG,03,1223030008000503
AEK KUO,PADANG MANINJAU,DUSUN 8,00,1223030001000700
AEK KUO,BANDAR SELAMAT,DUSUN 9 PANJANG TONGA,01,1223030008000901
AEK KUO,BANDAR SELAMAT,DUSUN 9 PANJANG TONGA,02,1223030008000902
AEK KUO,PURWOREJO,DUSUN 2,00,1223030007000200
AEK KUO,BANDAR SELAMAT,DUSUN 3 BANDAR SARI,00,1223030008000300
AEK KUO,BANDAR SELAMAT,DUSUN 4 MARTOBA,00,1223030008000400
AEK KUO,BANDAR SELAMAT,DUSUN 7 KAMPUNG SEJATI,00,1223030008000700
AEK KUO,BANDAR SELAMAT,DUSUN 8 ADIAN MODANG,00,1223030008000800
AEK KUO,PERKEBUNAN PANIGORAN,AREAL DIVISI VI PERKEBUNAN PADANG HALABAN,00,1223030002400100
AEK KUO,KARANG ANYAR,DUSUN 1,00,1223030004000100
AEK KUO,AEK KORSIK,DUSUN 13 ANDALAS,00,1223030006001300
AEK KUO,PADANG MANINJAU,DUSUN 2,00,1223030001000200
AEK KUO,PADANG MANINJAU,DUSUN 5,00,1223030001000400
AEK KUO,BANDAR SELAMAT,DUSUN 6 KAMPUNG HARAPAN,00,1223030008000600
AEK KUO,PADANG MANINJAU,DUSUN 4,00,1223030001000300
AEK KUO,SIDOMULYO,DUSUN 1,00,1223030003000100
AEK KUO,SIDOMULYO,DUSUN 3,00,1223030003000300
AEK KUO,PADANG MANINJAU,DUSUN 1,01,1223030001000101
AEK KUO,PADANG MANINJAU,DUSUN 1,02,1223030001000102
AEK KUO,PADANG MANINJAU,DUSUN 10,00,1223030001000900
AEK KUO,KARANG ANYAR,DUSUN 2,00,1223030004000200
AEK KUO,BANDAR SELAMAT,DUSUN 1 STASIUN AEK PAMINGKE,01,1223030008000101
AEK KUO,BANDAR SELAMAT,DUSUN 1 STASIUN AEK PAMINGKE,02,1223030008000102
AEK KUO,PERKEBUNAN PANIGORAN,DUSUN 2,00,1223030002000200
AEK KUO,PERKEBUNAN PANIGORAN,DUSUN 3,00,1223030002000300
AEK KUO,PERKEBUNAN PANIGORAN,DUSUN 4,00,1223030002000400
AEK NATAS,PERKEBUNAN AEK PAMINGKE,DUSUN 7 EMPLASMEN,02,1223040006000702
AEK NATAS,PERKEBUNAN HALIMBE,DUSUN PONDOK BARU,00,1223040008000100
AEK NATAS,PERKEBUNAN HALIMBE,DUSUN PETAK AMPAT,00,1223040008000200
AEK NATAS,PERKEBUNAN HALIMBE,DUSUN PERSATUAN,00,1223040008000300
AEK NATAS,PERKEBUNAN HALIMBE,DUSUN PONDOK LAMA,00,1223040008000400
AEK NATAS,ADIAN TOROP,DUSUN 4 STASIUN,01,1223040010000401
AEK NATAS,ADIAN TOROP,DUSUN 4 STASIUN,02,1223040010000402
AEK NATAS,ADIAN TOROP,DUSUN 5 HARAPAN MAJU,00,1223040010000500
AEK NATAS,ADIAN TOROP,DUSUN 7 TANAH MERAH,00,1223040010000700
AEK NATAS,ADIAN TOROP,DUSUN 8 KERASAAN REJO,00,1223040010000800
AEK NATAS,TERANG BULAN,DUSUN TERANG BULAN 1,00,1223040009000800
AEK NATAS,TERANG BULAN,DUSUN BANGUN SELAMAT 9,00,1223040009001000
AEK NATAS,TERANG BULAN,DUSUN BERINGIN SARI 10,00,1223040009001100
AEK NATAS,ADIAN TOROP,DUSUN 1 SIDODADI,00,1223040010000100
AEK NATAS,ADIAN TOROP,DUSUN 2 BANGUN REJO,00,1223040010000200
AEK NATAS,ADIAN TOROP,DUSUN 3 SUKA MAKMUR,00,1223040010000300
AEK NATAS,ADIAN TOROP,DUSUN 6 TAPIAN NAULI,00,1223040010000600
AEK NATAS,PANGKALAN,DUSUN 3 HAPOLTAHANAULI,00,1223040011000300
AEK NATAS,PANGKALAN,DUSUN 4 SUKA JADI,00,1223040011000400
AEK NATAS,PANGKALAN,DUSUN 5 RINTIS KACANG,00,1223040011000500
AEK NATAS,PERKEBUNAN AEK PAMINGKE,DUSUN 8 BLOK 2,00,1223040006000800
AEK NATAS,PERKEBUNAN AEK PAMINGKE,DUSUN 9 PANJANG TONGA,00,1223040006000900
AEK NATAS,PANGKALAN,DUSUN 1PANGKALAN,00,1223040011000100
AEK NATAS,PANGKALAN,DUSUN 2 RINGO RINGO,00,1223040011000200
AEK NATAS,KAMPUNG YAMAN,DUSUN 1 KAMPUNG YAMAN,00,1223040005000100
AEK NATAS,KAMPUNG YAMAN,DUSUN 2 KAMPUNG YAMAN,00,1223040005000200
AEK NATAS,PERKEBUNAN AEK PAMINGKE,DUSUN 1 ADIAN TOROP,00,1223040006000100
AEK NATAS,PERKEBUNAN AEK PAMINGKE,DUSUN 4 PONDOK SENG,00,1223040006000400
AEK NATAS,PERKEBUNAN AEK PAMINGKE,DUSUN 6 KAMPUNG TEMPEL,00,1223040006000600
AEK NATAS,PERKEBUNAN AEK PAMINGKE,DUSUN 3 MANGGA MANGGA,00,1223040006000300
AEK NATAS,PERKEBUNAN AEK PAMINGKE,DUSUN 5 TANJUNG REJO,02,1223040006000502
AEK NATAS,PERKEBUNAN AEK PAMINGKE,DUSUN 7 EMPLASMEN,01,1223040006000701
AEK NATAS,TERANG BULAN,DUSUN SUKA JADI 5,00,1223040009000500
AEK NATAS,TERANG BULAN,DUSUN KUALA SIMPANG 2,00,1223040009000700
AEK NATAS,TERANG BULAN,DUSUN BULU SOMA,00,1223040009001400
AEK NATAS,SIBITO,DUSUN 1 ANDORSOIT,02,1223040003000102
AEK NATAS,SIBITO,DUSUN 2 UNTE MUNGKUR,00,1223040003000200
AEK NATAS,SIBITO,DUSUN 3 KAMPUNG BARU,00,1223040003000300
AEK NATAS,SIBITO,DUSUN 4 SIBITO,00,1223040003000400
AEK NATAS,ROMBISAN,DUSUN 1 BADARUSSALAM,00,1223040002000100
AEK NATAS,ROMBISAN,DUSUN 2 PARSULUMAN,00,1223040002000200
AEK NATAS,ROMBISAN,DUSUN 3 AEK SARAAN,00,1223040002000300
AEK NATAS,ROMBISAN,DUSUN 4 RAMBAGOTI,00,1223040002000400
AEK NATAS,ROMBISAN,DUSUN 5 SIMARTOLU,00,1223040002000500
AEK NATAS,ROMBISAN,DUSUN 6 PIJOR,00,1223040002000600
AEK NATAS,ROMBISAN,DUSUN 7 SITUNGGUK,00,1223040002000700
AEK NATAS,ROMBISAN,DUSUN 8 HATORANGAN,00,1223040002000800
AEK NATAS,KAMPUNG YAMAN,DUSUN 3 AEK MARBATU,00,1223040005000300
AEK NATAS,KAMPUNG YAMAN,DUSUN 4 PANDUMAAN,00,1223040005000400
AEK NATAS,KAMPUNG YAMAN,DUSUN 5 PANDUMAAN,00,1223040005000500
AEK NATAS,TERANG BULAN,DUSUN PASAR BARU 8,01,1223040009000101
AEK NATAS,TERANG BULAN,DUSUN PASAR BARU 8,02,1223040009000102
AEK NATAS,TERANG BULAN,DUSUN TANAH LAPANG 11,00,1223040009000900
AEK NATAS,TERANG BULAN,DUSUN KUALA INDAH 13,00,1223040009001200
AEK NATAS,UJUNG PADANG,DUSUN 2 UJUNG PADANG,01,1223040012000201
AEK NATAS,UJUNG PADANG,DUSUN 2 UJUNG PADANG,02,1223040012000202
AEK NATAS,UJUNG PADANG,DUSUN 6 SUKA RAMAI,00,1223040012000600
AEK NATAS,UJUNG PADANG,DUSUN 8 PARDOMUAN NAULI,00,1223040012000800
AEK NATAS,UJUNG PADANG,DUSUN 15 PIRLOK/KUALA TANI,00,1223040012001500
AEK NATAS,UJUNG PADANG,DUSUN 3 KAMPUNG PADANG,00,1223040012000300
AEK NATAS,UJUNG PADANG,DUSUN 4 SUKA JADI,00,1223040012000400
AEK NATAS,UJUNG PADANG,DUSUN 10 CINTA DAME,00,1223040012001000
AEK NATAS,UJUNG PADANG,DUSUN 13 ADIAN KOTING,00,1223040012001300
AEK NATAS,UJUNG PADANG,DUSUN 14 SUKA DAME,00,1223040012001400
AEK NATAS,UJUNG PADANG,DUSUN 1 UJUNG PADANG,00,1223040012000100
AEK NATAS,UJUNG PADANG,DUSUN 5 DALAN NAULI,00,1223040012000500
AEK NATAS,UJUNG PADANG,DUSUN 7 BARISAN MULYA,00,1223040012000700
AEK NATAS,UJUNG PADANG,DUSAN 9 HITE URAT,00,1223040012000900
AEK NATAS,UJUNG PADANG,DUSUN 11 CINTA RAME,00,1223040012001100
AEK NATAS,UJUNG PADANG,DUSUN 12 CINTA RAME B,00,1223040012001200
AEK NATAS,POLDUNG,DUSUN 2 BULU MINYAK,00,1223040001000200
AEK NATAS,SIMONIS,DUSUN 3 WONO SARI,00,1223040004000300
AEK NATAS,SIMONIS,DUSUN 5 SITARUNDI,00,1223040004000500
AEK NATAS,SIMONIS,DUSUN 6 ADIAN KANDIS,00,1223040004000600
AEK NATAS,TERANG BULAN,DUSUN SUKA MULIA 6,01,1223040009000301
AEK NATAS,TERANG BULAN,DUSUN SUKA MULIA 6,02,1223040009000302
AEK NATAS,TERANG BULAN,DUSUN DARUSSALAM BARU 4,00,1223040009000400
AEK NATAS,POLDUNG,DUSUN 1 POLDUNG,00,1223040001000100
AEK NATAS,SIMONIS,DUSUN 1 SIMONIS,00,1223040004000100
AEK NATAS,SIMONIS,DUSUN 2 SIMP. B. SELAMAT,00,1223040004000200
AEK NATAS,SIMONIS,DUSUN 4 PANE TENGAH,00,1223040004000400
AEK NATAS,PERKEBUNAN AEK PAMINGKE,DUSUN 2 TANAH LAPANG,00,1223040006000200
AEK NATAS,BANDAR DURIAN,LINGKUNGAN BANDAR BERSERI,01,1223040007000801
AEK NATAS,BANDAR DURIAN,LINGKUNGAN BANDAR BERSERI,02,1223040007000802
AEK NATAS,PERKEBUNAN AEK PAMINGKE,DUSUN 5 TANJUNG REJO,01,1223040006000501
AEK NATAS,BANDAR DURIAN,LINGKUNGAN BANDAR DURIAN,00,1223040007000100
AEK NATAS,BANDAR DURIAN,LINGKUNGAN TANJUNG MAKMUR,00,1223040007000700
AEK NATAS,TERANG BULAN,DUSUN KONGSI ENAM 7,00,1223040009000200
AEK NATAS,TERANG BULAN,DUSUN KAMPUNG BARU 3,00,1223040009000600
AEK NATAS,TERANG BULAN,DUSUN SIMARDUM INDAH 14,00,1223040009001300
AEK NATAS,SIBITO,DUSUN 1 ANDORSOIT,01,1223040003000101
AEK NATAS,BANDAR DURIAN,LINGKUNGAN SUKA MAJU,01,1223040007000501
AEK NATAS,BANDAR DURIAN,LINGKUNGAN SUKA MAJU,02,1223040007000502
AEK NATAS,BANDAR DURIAN,LINGKUNGAN JARINJING,00,1223040007000200
AEK NATAS,BANDAR DURIAN,LINGKUNGAN SIBIO-BIO,00,1223040007000300
AEK NATAS,BANDAR DURIAN,LINGKUNGAN KAMPUNG TEMPEL,00,1223040007000900
AEK NATAS,BANDAR DURIAN,LINGKUNGAN SIAMBURO,00,1223040007000400
AEK NATAS,BANDAR DURIAN,LINGKUNGAN AEK BERINGIN,00,1223040007000600
AEK NATAS,BANDAR DURIAN,LINGKUNGAN DOLOK TENANG,00,1223040007001000
KUALUH HILIR,SEI SENTANG,DUSUN PUTAT,00,1223060003000700
KUALUH HILIR,TELUK PIAI,DUSUN TELUK PIAI HULU,00,1223060006000100
KUALUH HILIR,TELUK PIAI,DUSUN DARUSSALAM,00,1223060006000600
KUALUH HILIR,KUALA BANGKA,DUSUN SERBA GUNA,00,1223060001000300
KUALUH HILIR,KUALA BANGKA,DUSUN SELAT PEMATANG,00,1223060001000400
KUALUH HILIR,KUALA BANGKA,DUSUN TANJUNG GULAMA,00,1223060001000500
KUALUH HILIR,KUALA BANGKA,DUSUN TANGKAHAN MANGGIS,00,1223060001000800
KUALUH HILIR,KUALA BANGKA,DUSUN PEKAN,01,1223060001000101
KUALUH HILIR,KUALA BANGKA,DUSUN PEKAN,02,1223060001000102
KUALUH HILIR,KUALA BANGKA,DUSUN TANGKAHAN BOSI,00,1223060001000900
KUALUH HILIR,SEI SENTANG,DUSUN SEI SENTANG 1,00,1223060003000500
KUALUH HILIR,SEI SENTANG,DUSUN PUTAT SIDODADI,00,1223060003000800
KUALUH HILIR,SEI SENTANG,DUSUN WONOREJO 33,00,1223060003000900
KUALUH HILIR,SEI SENTANG,DUSUN WONOREJO 1,00,1223060003001000
KUALUH HILIR,KAMPUNG MESJID,LINGKUNGAN UJUNG TANJUNG,00,1223060005000400
KUALUH HILIR,KAMPUNG MESJID,LINGKUNGAN PASAR BILAH 1B,00,1223060005000700
KUALUH HILIR,KAMPUNG MESJID,LINGKUNGAN PASAR BILAH 2A,00,1223060005000800
KUALUH HILIR,KUALA BANGKA,DUSUN KAMPUNG JAWA,02,1223060001000202
KUALUH HILIR,KUALA BANGKA,DUSUN DOSROHA,00,1223060001000600
KUALUH HILIR,KUALA BANGKA,DUSUN MAKMUR BERSAMA,00,1223060001000700
KUALUH HILIR,KUALA BANGKA,DUSUN KAMPUNG JAWA,01,1223060001000201
KUALUH HILIR,KUALA BANGKA,DUSUN KARYA TANI,00,1223060001001000
KUALUH HILIR,KUALA BANGKA,DUSUN TELUK AMPEAN,00,1223060001001100
KUALUH HILIR,KUALA BANGKA,DUSUN KAMPUNG BALIGE,00,1223060001001200
KUALUH HILIR,KAMPUNG MESJID,LINGKUNGAN JATUHAN GOLOK,00,1223060005000500
KUALUH HILIR,KAMPUNG MESJID,LINGKUNGAN PASAR BILAH 1A,00,1223060005000600
KUALUH HILIR,KAMPUNG MESJID,LINGKUNGAN PASAR BILAH 2B,01,1223060005000901
KUALUH HILIR,SEI SENTANG,DUSUN PUTAT TELADAN,00,1223060003000600
KUALUH HILIR,KAMPUNG MESJID,LINGKUNGAN PEKAN 2,01,1223060005000201
KUALUH HILIR,KAMPUNG MESJID,LINGKUNGAN PEKAN 2,02,1223060005000202
KUALUH HILIR,TANJUNG MANGEDAR,DUSUN SEI REBUT 1,01,1223060007000101
KUALUH HILIR,TANJUNG MANGEDAR,DUSUN SEI REBUT 1,02,1223060007000102
KUALUH HILIR,KAMPUNG MESJID,LINGKUNGAN PEKAN 1,02,1223060005000302
KUALUH HILIR,KAMPUNG MESJID,LINGKUNGAN PASAR BILAH 2B,02,1223060005000902
KUALUH HILIR,TANJUNG MANGEDAR,DUSUN KAMPUNG JAWA,00,1223060007000300
KUALUH HILIR,TANJUNG MANGEDAR,DUSUN TANGKAHAN BEROMBANG 1,00,1223060007000400
KUALUH HILIR,TANJUNG MANGEDAR,DUSUN TANGKAHAN BEROMBANG 2,00,1223060007000500
KUALUH HILIR,TANJUNG MANGEDAR,DUSUN PARDOMUAN,00,1223060007000600
KUALUH HILIR,SEI SENTANG,DUSUN SEI JURAGAN,00,1223060003000100
KUALUH HILIR,SEI SENTANG,DUSUN SEI PINANG,00,1223060003000200
KUALUH HILIR,SEI SENTANG,DUSUN PANTAI BELANAK,00,1223060003000300
KUALUH HILIR,SEI SENTANG,DUSUN KELAPA RAKYAT,00,1223060003000400
KUALUH HILIR,TANJUNG MANGEDAR,DUSUN SEI REBUT 2,00,1223060007000200
KUALUH HILIR,TANJUNG MANGEDAR,DUSUN BANGUN HORAS,00,1223060007000700
KUALUH HILIR,TANJUNG MANGEDAR,DUSUN TANJUNG MANGEDAR,00,1223060007000800
KUALUH HILIR,TELUK PIAI,DUSUN TANJUNG TIRAM,00,1223060006000200
KUALUH HILIR,TELUK PIAI,DUSUN LANGGENG SARI,00,1223060006000400
KUALUH HILIR,TELUK PIAI,DUSUN TELUK PIAI TENGAH,00,1223060006000500
KUALUH HILIR,TELUK PIAI,DUSUN JATI SARI,00,1223060006000800
KUALUH HILIR,KAMPUNG MESJID,LINGKUNGAN PULO AMAN SENTOSA,00,1223060005000100
KUALUH HILIR,KAMPUNG MESJID,LINGKUNGAN PEKAN 1,01,1223060005000301
KUALUH HILIR,TELUK PIAI,DUSUN SEI BAUWE,00,1223060006000300
KUALUH HILIR,TELUK PIAI,DUSUN SIALANG GATAP,00,1223060006000700
KUALUH HILIR,TELUK PIAI,DUSUN TERUSAN,00,1223060006000900
KUALUH HILIR,SEI APUNG,DUSUN SEI DAUN,00,1223060004000500
KUALUH HILIR,SEI APUNG,DUSUN ULAK PUTAR,00,1223060004000600
KUALUH HILIR,TANJUNG MANGEDAR,DUSUN TELUK KATUNG,00,1223060007000900
KUALUH HILIR,TANJUNG MANGEDAR,DUSUN TANGKAHAN MANGGA,00,1223060007001100
KUALUH HILIR,SEI APUNG,DUSUN SEI KARET,00,1223060004000100
KUALUH HILIR,SEI APUNG,DUSUN SEI APUNG,01,1223060004000201
KUALUH HILIR,SEI APUNG,DUSUN SEI APUNG,02,1223060004000202
KUALUH HILIR,SEI APUNG,DUSUN SEPAKAT,00,1223060004000300
KUALUH HILIR,SEI APUNG,DUSUN HARIAN TIMUR,01,1223060004000401
KUALUH HILIR,SEI APUNG,DUSUN HARIAN TIMUR,02,1223060004000402
KUALUH HILIR,TELUK BINJAI,DUSUN SUMBER SARI,00,1223060002000700
KUALUH HILIR,TELUK BINJAI,DUSUN PULAU HARAPAN 1,00,1223060002000900
KUALUH HILIR,TELUK BINJAI,DUSUN PULAU HARAPAN 2,00,1223060002001000
KUALUH HILIR,TELUK BINJAI,DUSUN SIANJUR,00,1223060002000100
KUALUH HILIR,TELUK BINJAI,DUSUN SEI PARANGINAN,00,1223060002000200
KUALUH HILIR,TELUK BINJAI,DUSUN TELUK BINJAI,00,1223060002000300
KUALUH HILIR,TELUK BINJAI,DUSUN SUNGAI UDANG,00,1223060002000400
KUALUH HILIR,TELUK BINJAI,DUSUN TELUK KETAPANG 1,00,1223060002000500
KUALUH HILIR,TELUK BINJAI,DUSUN TELUK KETAPANG 2,00,1223060002000600
KUALUH HILIR,TELUK BINJAI,DUSUN SEI BETUL,00,1223060002000800
KUALUH HILIR,SEI APUNG,DUSUN TELUK KATUNG,00,1223060004000700
KUALUH HILIR,TANJUNG MANGEDAR,DUSUN SEI SIDANGAR,00,1223060007001000
KUALUH HILIR,TANJUNG MANGEDAR,DUSUN SEI LURUS,00,1223060007001200
KUALUH HULU,PERKEBUNAN MEMBANG MUDA,DUSUN II,00,1223070007000200
KUALUH HULU,PERKEBUNAN MEMBANG MUDA,DUSUN III,00,1223070007000300
KUALUH HULU,PERKEBUNAN MEMBANG MUDA,DUSUN V,00,1223070007000500
KUALUH HULU,SUKARAME,DUSUN V KILANG UNTUNG,00,1223070011000500
KUALUH HULU,SUKARAME,DUSUN VII BOPET/AIR SALAK,01,1223070011000701
KUALUH HULU,SUKARAME,DUSUN VII BOPET/AIR SALAK,02,1223070011000702
KUALUH HULU,PERKEBUNAN MEMBANG MUDA,DUSUN I,00,1223070007000100
KUALUH HULU,PERKEBUNAN MEMBANG MUDA,DUSUN IV,00,1223070007000400
KUALUH HULU,PERKEBUNAN HANNA,DUSUN II PONDOK WETAN,00,1223070009000200
KUALUH HULU,AEK KANOPAN TIMUR,LINGKUNGAN III,02,1223070010000302
KUALUH HULU,AEK KANOPAN TIMUR,LINGKUNGAN VIII BENGGOL BENGGOL,00,1223070010000800
KUALUH HULU,AEK KANOPAN TIMUR,LINGKUNGAN X PARMANUKAN PASAR III,00,1223070010001000
KUALUH HULU,AEK KANOPAN TIMUR,LINGKUNGAN XII KUALA,00,1223070010001200
KUALUH HULU,PERKEBUNAN LABUHAN HAJI,DUSUN 1 EMPLASMEN,00,1223070008000100
KUALUH HULU,PERKEBUNAN LABUHAN HAJI,DUSUN 2 PASAR 2,00,1223070008000200
KUALUH HULU,PERKEBUNAN LABUHAN HAJI,DUSUN 3 PONDOK SELAWE,00,1223070008000300
KUALUH HULU,PERKEBUNAN LABUHAN HAJI,DUSUN 4 SEI NETEK,00,1223070008000400
KUALUH HULU,PERKEBUNAN HANNA,DUSUN I PONDOK KULON,00,1223070009000100
KUALUH HULU,AEK KANOPAN TIMUR,LINGKUNGAN I,00,1223070010000100
KUALUH HULU,AEK KANOPAN TIMUR,LINGKUNGAN III,01,1223070010000301
KUALUH HULU,AEK KANOPAN TIMUR,LINGKUNGAN IV,02,1223070010000402
KUALUH HULU,AEK KANOPAN TIMUR,LINGKUNGAN II,01,1223070010000201
KUALUH HULU,AEK KANOPAN TIMUR,LINGKUNGAN II,02,1223070010000202
KUALUH HULU,AEK KANOPAN TIMUR,LINGKUNGAN II,03,1223070010000203
KUALUH HULU,AEK KANOPAN,LINGKUNGAN PULO TARUTUNG I,01,1223070006001001
KUALUH HULU,AEK KANOPAN,LINGKUNGAN PULO TARUTUNG III,00,1223070006001200
KUALUH HULU,AEK KANOPAN,LINGKUNGAN TARUTUNG GLUGUR,02,1223070006001302
KUALUH HULU,AEK KANOPAN,LINGKUNGAN WONOSARI II B,00,1223070006001700
KUALUH HULU,PARPAUDANGAN,DUSUN IV A SIDODADI,00,1223070005000600
KUALUH HULU,PARPAUDANGAN,DUSUN IV B SIDODADI,00,1223070005000700
KUALUH HULU,PARPAUDANGAN,DUSUN V A KARANG SARI,00,1223070005000800
KUALUH HULU,PULO DOGOM,DUSUN VII SIDOMULYO,00,1223070002000700
KUALUH HULU,PULO DOGOM,DUSUN XII SIKOPI KOPI,00,1223070002001200
KUALUH HULU,PULO DOGOM,DUSUN XIV BATU ONOM,00,1223070002001400
KUALUH HULU,PARPAUDANGAN,DUSUN I B PINGGIR JATI,00,1223070005000200
KUALUH HULU,PARPAUDANGAN,DUSUN VI PARPAUDANGAN,00,1223070005001000
KUALUH HULU,PARPAUDANGAN,DUSUN VII PASAR TAPIAN,00,1223070005001100
KUALUH HULU,PARPAUDANGAN,DUSUN VIII TAPIAN NAULI,00,1223070005001200
KUALUH HULU,PARPAUDANGAN,DUSUN IX PAGAR BATU,00,1223070005001300
KUALUH HULU,PARPAUDANGAN,DUSUN X PARSAORAN,00,1223070005001400
KUALUH HULU,PARPAUDANGAN,DUSUN I A PINGGIR JATI,00,1223070005000100
KUALUH HULU,PARPAUDANGAN,DUSUN II PINGGIR JATI,00,1223070005000300
KUALUH HULU,AEK KANOPAN,LINGKUNGAN AEK KANOPAN IV A,00,1223070006000600
KUALUH HULU,AEK KANOPAN,LINGKUNGAN PULO TARUTUNG I,02,1223070006001002
KUALUH HULU,AEK KANOPAN,LINGKUNGAN WONOSARI IV A,02,1223070006002002
KUALUH HULU,PULO DOGOM,DUSUN IV KAMPUNG BARU,00,1223070002000400
KUALUH HULU,PULO DOGOM,DUSUN V BANGUN REJO A,00,1223070002000500
KUALUH HULU,PARPAUDANGAN,DUSUN III A PINGGIR JATI,00,1223070005000400
KUALUH HULU,PARPAUDANGAN,DUSUN III B PINGGIR JATI,00,1223070005000500
KUALUH HULU,PARPAUDANGAN,DUSUN V B KARANG SARI,00,1223070005000900
KUALUH HULU,SONOMARTANI,DUSUN IV REJOSARI,01,1223070013000401
KUALUH HULU,SONOMARTANI,DUSUN IV REJOSARI,02,1223070013000402
KUALUH HULU,SONOMARTANI,DUSUN XI PERKEBUNAN NAGALI,00,1223070013001100
KUALUH HULU,SUKARAME BARU,DUSUN JAMBUR DAMULI 3,00,1223070012001000
KUALUH HULU,SUKARAME BARU,DUSUN TAPIAN NAULI,00,1223070012001100
KUALUH HULU,SUKARAME BARU,DUSUN PT GRAHA DURA,00,1223070012001200
KUALUH HULU,SUKARAME BARU,DUSUN PT SURYA SAKTI,00,1223070012000100
KUALUH HULU,SUKARAME BARU,DUSUN PULO MALAHA 1,01,1223070012000201
KUALUH HULU,SUKARAME BARU,DUSUN PULO MALAHA 1,02,1223070012000202
KUALUH HULU,SUKARAME BARU,DUSUN PULO MALAHA 2,00,1223070012000300
KUALUH HULU,SONOMARTANI,DUSUN I PURWO SARI,00,1223070013000100
KUALUH HULU,SONOMARTANI,DUSUN VI DONOSARI,01,1223070013000601
KUALUH HULU,SONOMARTANI,DUSUN VI DONOSARI,02,1223070013000602
KUALUH HULU,SONOMARTANI,DUSUN III MEKARSARI,01,1223070013000301
KUALUH HULU,SONOMARTANI,DUSUN III MEKARSARI,02,1223070013000302
KUALUH HULU,SONOMARTANI,DUSUN X MARGOSARI,00,1223070013001000
KUALUH HULU,SONOMARTANI,DUSUN V SUMBER SARI,01,1223070013000501
KUALUH HULU,SONOMARTANI,DUSUN V SUMBER SARI,02,1223070013000502
KUALUH HULU,SONOMARTANI,DUSUN VIII SUKASARI,00,1223070013000800
KUALUH HULU,SONOMARTANI,DUSUN II MARGOSARI,00,1223070013000200
KUALUH HULU,SONOMARTANI,DUSUN VII KARYASARI,00,1223070013000700
KUALUH HULU,SONOMARTANI,DUSUN IX PURWOSARI,00,1223070013000900
KUALUH HULU,AEK KANOPAN,LINGKUNGAN AEK KANOPAN III A,00,1223070006000400
KUALUH HULU,AEK KANOPAN,LINGKUNGAN AEK KANOPAN III B,00,1223070006000500
KUALUH HULU,AEK KANOPAN,LINGKUNGAN AEK KANOPAN IV B,00,1223070006000700
KUALUH HULU,AEK KANOPAN TIMUR,LINGKUNGAN IV,01,1223070010000401
KUALUH HULU,AEK KANOPAN TIMUR,LINGKUNGAN VII KAMPUNG AYU,00,1223070010000700
KUALUH HULU,AEK KANOPAN TIMUR,LINGKUNGAN IX BLOK 80,01,1223070010000901
KUALUH HULU,AEK KANOPAN TIMUR,LINGKUNGAN IX BLOK 80,02,1223070010000902
KUALUH HULU,PULO DOGOM,DUSUN VI KARANG TENGAH,00,1223070002000600
KUALUH HULU,PULO DOGOM,DUSUN VIII SUKA JADI UTARA,01,1223070002000801
KUALUH HULU,PULO DOGOM,DUSUN VIII SUKA JADI UTARA,02,1223070002000802
KUALUH HULU,AEK KANOPAN TIMUR,LINGKUNGAN V,00,1223070010000500
KUALUH HULU,AEK KANOPAN TIMUR,LINGKUNGAN VI SUKARENDAH,00,1223070010000600
KUALUH HULU,AEK KANOPAN TIMUR,LINGKUNGAN XI PARMANUKAN PASAR VI,00,1223070010001100
KUALUH HULU,AEK KANOPAN,LINGKUNGAN WONOSARI III A,01,1223070006001801
KUALUH HULU,AEK KANOPAN,LINGKUNGAN WONOSARI IV B,00,1223070006002100
KUALUH HULU,AEK KANOPAN,LINGKUNGAN PULO TARUTUNG II B,00,1223070006002200
KUALUH HULU,PULO DOGOM,DUSUN III HUTA BARU,00,1223070002000300
KUALUH HULU,PULO DOGOM,DUSUN IX SUKA JADI TENGAH,00,1223070002000900
KUALUH HULU,PULO DOGOM,DUSUN X SUKA JADI MAKMUR,00,1223070002001000
KUALUH HULU,AEK KANOPAN,LINGKUNGAN WONOSARI I A,00,1223070006001400
KUALUH HULU,AEK KANOPAN,LINGKUNGAN WONOSARI IV A,01,1223070006002001
KUALUH HULU,AEK KANOPAN,LINGKUNGAN TARUTUNG GLUGUR,01,1223070006001301
KUALUH HULU,AEK KANOPAN,LINGKUNGAN WONOSARI II A,01,1223070006001601
KUALUH HULU,AEK KANOPAN,LINGKUNGAN WONOSARI II A,02,1223070006001602
KUALUH HULU,AEK KANOPAN,LINGKUNGAN WONOSARI III A,02,1223070006001802
KUALUH HULU,AEK KANOPAN,LINGKUNGAN AEK KANOPAN I,00,1223070006000100
KUALUH HULU,AEK KANOPAN,LINGKUNGAN AEK KANOPAN II A,00,1223070006000200
KUALUH HULU,AEK KANOPAN,LINGKUNGAN AEK KANOPAN II B,00,1223070006000300
KUALUH HULU,PULO DOGOM,DUSUN I KAMPUNG JAWA,00,1223070002000100
KUALUH HULU,PULO DOGOM,DUSUN II AEK SORDANG,00,1223070002000200
KUALUH HULU,PULO DOGOM,DUSUN XIII PULO DOGOM BAWAH,00,1223070002001300
KUALUH HULU,PULO DOGOM,DUSUN XI HUTA GODANG,01,1223070002001101
KUALUH HULU,PULO DOGOM,DUSUN XI HUTA GODANG,02,1223070002001102
KUALUH HULU,PULO DOGOM,DUSUN XV BANGUN REJO B,00,1223070002001500
KUALUH HULU,AEK KANOPAN,LINGKUNGAN AEK KANOPAN IV C,00,1223070006000800
KUALUH HULU,AEK KANOPAN,LINGKUNGAN AEK KANOPAN V,00,1223070006000900
KUALUH HULU,AEK KANOPAN,LINGKUNGAN WONOSARI I B,00,1223070006001500
KUALUH HULU,AEK KANOPAN,LINGKUNGAN PULO TARUTUNG II A,00,1223070006001100
KUALUH HULU,AEK KANOPAN,LINGKUNGAN WONOSARI III B,00,1223070006001900
KUALUH HULU,PERKEBUNAN KANOPAN ULU,DUSUN I PONDOK WANGI,00,1223070004000100
KUALUH HULU,PERKEBUNAN KANOPAN ULU,DUSUN II PONDOK WANGI,00,1223070004000200
KUALUH HULU,PERKEBUNAN KANOPAN ULU,DUSUN III BANYU WANGI,00,1223070004000300
KUALUH HULU,PERKEBUNAN KANOPAN ULU,DUSUN IV BANYU WANGI,00,1223070004000400
KUALUH HULU,SUKARAME,DUSUN XIII DARUL AMAN TIMUR,00,1223070011001300
KUALUH HULU,SUKARAME,DUSUN XIV DARUL AMAN BARAT,00,1223070011001400
KUALUH HULU,SUKARAME,DUSUN XV CHARLY 18 PT.GLP,00,1223070011001500
KUALUH HULU,SUKARAME,DUSUN XVI J.24 PT.GLP,00,1223070011001600
KUALUH HULU,SUKARAME BARU,DUSUN PULO GAMBUT 2,00,1223070012000700
KUALUH HULU,SUKARAME BARU,DUSUN JAMBUR DAMULI 1,01,1223070012000801
KUALUH HULU,SUKARAME BARU,DUSUN JAMBUR DAMULI 2,00,1223070012000900
KUALUH HULU,SUKARAME,DUSUN VIII KAMPUNG BARU BARAT,01,1223070011000801
KUALUH HULU,SUKARAME,DUSUN XI KAMPUNG BARU TIMUR,01,1223070011001101
KUALUH HULU,SUKARAME,DUSUN III SUKA SARI,00,1223070011000300
KUALUH HULU,SUKARAME,DUSUN IX LALANG BUNDAR,00,1223070011000900
KUALUH HULU,SUKARAME,DUSUN XII LUBUK PINANG,00,1223070011001200
KUALUH HULU,SUKARAME,DUSUN XVII SUKASARI BARU,00,1223070011001700
KUALUH HULU,SUKARAME,DUSUN II RANTO BETUL TIMUR,00,1223070011000200
KUALUH HULU,SUKARAME,DUSUN IV KAMPUNG TEMPEL,00,1223070011000400
KUALUH HULU,SUKARAME,DUSUN XI KAMPUNG BARU TIMUR,02,1223070011001102
KUALUH HULU,SUKARAME,DUSUN VI ADIAN BROTAN,02,1223070011000602
KUALUH HULU,SUKARAME,DUSUN VIII KAMPUNG BARU BARAT,02,1223070011000802
KUALUH HULU,SUKARAME BARU,DUSUN AEK NABARA 1,00,1223070012000400
KUALUH HULU,SUKARAME BARU,DUSUN AEK NABARA 2,00,1223070012000500
KUALUH HULU,SUKARAME BARU,DUSUN PULO GAMBUT 1,00,1223070012000600
KUALUH HULU,SUKARAME BARU,DUSUN JAMBUR DAMULI 1,02,1223070012000802
KUALUH HULU,SUKARAME,DUSUN I DARUL AMAN,00,1223070011000100
KUALUH HULU,SUKARAME,DUSUN VI ADIAN BROTAN,01,1223070011000601
KUALUH HULU,SUKARAME,DUSUN X RANTO BETUL BARAT,00,1223070011001000
KUALUH HULU,PERKEBUNAN LONDUT,DUSUN II,01,1223070003000201
KUALUH HULU,PERKEBUNAN LONDUT,DUSUN II,02,1223070003000202
KUALUH HULU,PERKEBUNAN LONDUT,DUSUN IX,00,1223070003000900
KUALUH HULU,PERKEBUNAN LONDUT,DUSUN X,00,1223070003001000
KUALUH HULU,KUALA BERINGIN,DUSUN II RAMEAN,00,1223070001000200
KUALUH HULU,KUALA BERINGIN,DUSUN III BULU INAS,00,1223070001000300
KUALUH HULU,KUALA BERINGIN,DUSUN IV KAMPUNG BARU,01,1223070001000401
KUALUH HULU,KUALA BERINGIN,DUSUN VI HIDUP BARU,01,1223070001000601
KUALUH HULU,KUALA BERINGIN,DUSUN VI HIDUP BARU,02,1223070001000602
KUALUH HULU,KUALA BERINGIN,DUSUN X BANDAR MANIS,00,1223070001001000
KUALUH HULU,KUALA BERINGIN,DUSUN XI BATU JUGUK,00,1223070001001100
KUALUH HULU,KUALA BERINGIN,DUSUN I KAMPUNG SELAMAT,00,1223070001000100
KUALUH HULU,KUALA BERINGIN,DUSUN VII AEK MONGOM,00,1223070001000700
KUALUH HULU,KUALA BERINGIN,DUSUN VIII SUKA SARI,00,1223070001000800
KUALUH HULU,KUALA BERINGIN,DUSUN IX TINGGI MULIA,00,1223070001000900
KUALUH HULU,PERKEBUNAN LONDUT,DUSUN III,00,1223070003000300
KUALUH HULU,PERKEBUNAN LONDUT,DUSUN V,00,1223070003000500
KUALUH HULU,PERKEBUNAN LONDUT,DUSUN VI,00,1223070003000600
KUALUH HULU,PERKEBUNAN LONDUT,DUSUN VII,02,1223070003000702
KUALUH HULU,PERKEBUNAN LONDUT,DUSUN I,00,1223070003000100
KUALUH HULU,PERKEBUNAN LONDUT,DUSUN IV,00,1223070003000400
KUALUH HULU,PERKEBUNAN LONDUT,DUSUN VII,01,1223070003000701
KUALUH HULU,PERKEBUNAN LONDUT,DUSUN VIII,00,1223070003000800
KUALUH HULU,KUALA BERINGIN,DUSUN IV KAMPUNG BARU,02,1223070001000402
KUALUH HULU,KUALA BERINGIN,DUSUN IV KAMPUNG BARU,03,1223070001000403
KUALUH HULU,KUALA BERINGIN,DUSUN V PARDOMUAN NAULI,00,1223070001000500
KUALUH LEIDONG,PANGKALAN LUNANG,DUSUN TELUK MORBO,00,1223080005000300
KUALUH LEIDONG,PANGKALAN LUNANG,DUSUN 2,02,1223080005000402
KUALUH LEIDONG,PANGKALAN LUNANG,DUSUN BLOK 7,00,1223080005000600
KUALUH LEIDONG,PANGKALAN LUNANG,DUSUN BLOK 8,00,1223080005000700
KUALUH LEIDONG,PANGKALAN LUNANG,DUSUN BLOK 9,00,1223080005000800
KUALUH LEIDONG,AIR HITAM,DUSUN SIDO MAKMUR,00,1223080001000200
KUALUH LEIDONG,AIR HITAM,DUSUN SEI DUA 1,00,1223080001000800
KUALUH LEIDONG,PANGKALAN LUNANG,DUSUN 1A,00,1223080005000100
KUALUH LEIDONG,PANGKALAN LUNANG,DUSUN 1B,00,1223080005000200
KUALUH LEIDONG,PANGKALAN LUNANG,DUSUN SEI BOMBAN,00,1223080005000500
KUALUH LEIDONG,PANGKALAN LUNANG,DUSUN PSR MERAH,00,1223080005000900
KUALUH LEIDONG,AIR HITAM,DUSUN SIDODADI,00,1223080001000400
KUALUH LEIDONG,AIR HITAM,DUSUN BANGUN REJO,00,1223080001000500
KUALUH LEIDONG,AIR HITAM,DUSUN SEI NIBUNG,00,1223080001000700
KUALUH LEIDONG,AIR HITAM,DUSUN SEIDUA KEBUN,00,1223080001000600
KUALUH LEIDONG,AIR HITAM,DUSUN SIDO RUKUN,00,1223080001000100
KUALUH LEIDONG,AIR HITAM,DUSUN SIDO MULYO,01,1223080001000301
KUALUH LEIDONG,AIR HITAM,DUSUN SIDO MULYO,02,1223080001000302
KUALUH LEIDONG,PANGKALAN LUNANG,DUSUN 2,01,1223080005000401
KUALUH LEIDONG,PANGKALAN LUNANG,DUSUN 3,00,1223080005001000
KUALUH LEIDONG,PANGKALAN LUNANG,DUSUN SIDO RUKUN,00,1223080005001100
KUALUH LEIDONG,PANGKALAN LUNANG,DUSUN SIDO MULYO,00,1223080005001200
KUALUH LEIDONG,TELUK PULAI LUAR,DUSUN SEMPURNA,00,1223080003000100
KUALUH LEIDONG,TELUK PULAI LUAR,DUSUN TELADAN,00,1223080003000200
KUALUH LEIDONG,TELUK PULAI LUAR,DUSUN PERDAMEAN,00,1223080003000400
KUALUH LEIDONG,TELUK PULAI LUAR,PERSIAPAN,00,1223080003100100
KUALUH LEIDONG,TELUK PULAI DALAM,DUSUN CINTA DAMAI,00,1223080002000500
KUALUH LEIDONG,TELUK PULAI DALAM,DUSUN BIMBINGAN 2,00,1223080002000600
KUALUH LEIDONG,TELUK PULAI DALAM,DUSUN TANI MAKMUR,00,1223080002000100
KUALUH LEIDONG,TELUK PULAI DALAM,DUSUN HAMONANGAN,00,1223080002000400
KUALUH LEIDONG,KELAPA SEBATANG,DUSUN PAMBOMBONG,00,1223080004000100
KUALUH LEIDONG,KELAPA SEBATANG,DUSUN SUKA TANI,00,1223080004000200
KUALUH LEIDONG,KELAPA SEBATANG,DUSUN PERTEMUAN,00,1223080004000400
KUALUH LEIDONG,TELUK PULAI DALAM,DUSUN PARDOMUAN 2,00,1223080002000200
KUALUH LEIDONG,TELUK PULAI DALAM,DUSUN PARDOMUAN 1,00,1223080002000300
KUALUH LEIDONG,TELUK PULAI DALAM,DUSUN BINAAN,01,1223080002000801
KUALUH LEIDONG,TELUK PULAI DALAM,DUSUN BINAAN,02,1223080002000802
KUALUH LEIDONG,TELUK PULAI DALAM,DUSUN BIMBINGAN 1,00,1223080002000700
KUALUH LEIDONG,TELUK PULAI DALAM,DUSUN TELUK PULAI TENGAH,01,1223080002000901
KUALUH LEIDONG,TELUK PULAI DALAM,DUSUN TELUK PULAI TENGAH,02,1223080002000902
KUALUH LEIDONG,TELUK PULAI LUAR,DUSUN BAHAGIA,01,1223080003000301
KUALUH LEIDONG,TELUK PULAI LUAR,DUSUN BAHAGIA,02,1223080003000302
KUALUH LEIDONG,KELAPA SEBATANG,DUSUN SUNGAI BILIK,00,1223080004000300
KUALUH LEIDONG,KELAPA SEBATANG,DUSUN BANGUN SARI,00,1223080004000500
KUALUH LEIDONG,KELAPA SEBATANG,DUSUN PANGKALAN SONO,00,1223080004000600
KUALUH LEIDONG,SIMANDULANG,DUSUN SEI PUYUH,01,1223080007000201
KUALUH LEIDONG,SIMANDULANG,DUSUN SEI PUYUH,02,1223080007000202
KUALUH LEIDONG,SIMANDULANG,DUSUN GORI,00,1223080007000600
KUALUH LEIDONG,SIMANDULANG,DUSUN BLOK 8,00,1223080007000100
KUALUH LEIDONG,SIMANDULANG,DUSUN SIMANDULANG,01,1223080007000301
KUALUH LEIDONG,SIMANDULANG,DUSUN SIMANDULANG,02,1223080007000302
KUALUH LEIDONG,SIMANDULANG,DUSUN SIMANDULANG,03,1223080007000303
KUALUH LEIDONG,TANJUNG LEIDONG,LINGKUNGAN KAMPUNG BARU 3,00,1223080006000800
KUALUH LEIDONG,TANJUNG LEIDONG,LINGKUNGAN PASAR BARAT,00,1223080006001000
KUALUH LEIDONG,TANJUNG LEIDONG,LINGKUNGAN BONDAR,00,1223080006001100
KUALUH LEIDONG,TANJUNG LEIDONG,LINGKUNGAN SIMPANG 3,00,1223080006001400
KUALUH LEIDONG,SIMANDULANG,DUSUN PINTU AIR,01,1223080007000401
KUALUH LEIDONG,SIMANDULANG,DUSUN PINTU AIR,02,1223080007000402
KUALUH LEIDONG,SIMANDULANG,DUSUN BLOK 2,00,1223080007000500
KUALUH LEIDONG,TANJUNG LEIDONG,LINGKUNGAN PEKAN 1,00,1223080006000200
KUALUH LEIDONG,TANJUNG LEIDONG,LINGKUNGAN PEKAN 2,00,1223080006000300
KUALUH LEIDONG,TANJUNG LEIDONG,LINGKUNGAN PEKAN 3,00,1223080006000400
KUALUH LEIDONG,TANJUNG LEIDONG,LINGKUNGAN ONGKAK,00,1223080006000100
KUALUH LEIDONG,TANJUNG LEIDONG,LINGKUNGAN KAMPUNG BARU 1,01,1223080006000701
KUALUH LEIDONG,TANJUNG LEIDONG,LINGKUNGAN BLOK 2,00,1223080006001200
KUALUH LEIDONG,TANJUNG LEIDONG,LINGKUNGAN BLOK 5,00,1223080006001300
KUALUH LEIDONG,TANJUNG LEIDONG,LINGKUNGAN SEI SUMBURUNG,01,1223080006000501
KUALUH LEIDONG,TANJUNG LEIDONG,LINGKUNGAN SEI SUMBURUNG,02,1223080006000502
KUALUH LEIDONG,TANJUNG LEIDONG,LINGKUNGAN KAMPUNG BARU 4,01,1223080006000901
KUALUH LEIDONG,TANJUNG LEIDONG,LINGKUNGAN KAMPUNG BARU 2,00,1223080006000600
KUALUH LEIDONG,TANJUNG LEIDONG,LINGKUNGAN KAMPUNG BARU 1,02,1223080006000702
KUALUH LEIDONG,TANJUNG LEIDONG,LINGKUNGAN KAMPUNG BARU 4,02,1223080006000902
KUALUH SELATAN,DAMULI PEKAN,DUSUN KARANG SARI 2,00,1223050005000400
KUALUH SELATAN,DAMULI PEKAN,DUSUN SUMBER SARI,00,1223050005000900
KUALUH SELATAN,DAMULI PEKAN,DUSUN SIMPANG SIRANGGONG,01,1223050005000801
KUALUH SELATAN,DAMULI PEKAN,DUSUN SUKA MULIA,02,1223050005001202
KUALUH SELATAN,DAMULI PEKAN,DUSUN DAMULI PEKAN,01,1223050005000101
KUALUH SELATAN,DAMULI PEKAN,DUSUN DAMULI PEKAN,02,1223050005000102
KUALUH SELATAN,DAMULI PEKAN,DUSUN SIMPANG MEMBOT,00,1223050005000200
KUALUH SELATAN,HASANG,DUSUN 1 HASANG,00,1223050007000100
KUALUH SELATAN,HASANG,DUSUN 3 HASANG,00,1223050007000300
KUALUH SELATAN,HASANG,DUSUN 4 LUBUK LAMBUNG,00,1223050007000400
KUALUH SELATAN,HASANG,DUSUN 5 AEK JOTTIHAN,00,1223050007000500
KUALUH SELATAN,HASANG,DUSUN 6 PENGUJUNGAN,00,1223050007000600
KUALUH SELATAN,HASANG,DUSUN 7 PENGUJUGAN,00,1223050007000700
KUALUH SELATAN,HASANG,DUSUN 8 AEK RONGGAS,00,1223050007000800
KUALUH SELATAN,DAMULI PEKAN,DUSUN RANTO BANGUN,01,1223050005001101
KUALUH SELATAN,DAMULI PEKAN,DUSUN RANTO BANGUN,02,1223050005001102
KUALUH SELATAN,DAMULI PEKAN,DUSUN SUKA MULIA,01,1223050005001201
KUALUH SELATAN,DAMULI KEBUN,DUSUN 4 KNPI,00,1223050006000400
KUALUH SELATAN,DAMULI KEBUN,DUSUN 2A PASAR 3,01,1223050006000701
KUALUH SELATAN,DAMULI KEBUN,DUSUN 2A PASAR 3,02,1223050006000702
KUALUH SELATAN,DAMULI PEKAN,DUSUN SUKA DAMAI,01,1223050005000501
KUALUH SELATAN,DAMULI PEKAN,DUSUN SUKA DAMAI,02,1223050005000502
KUALUH SELATAN,DAMULI PEKAN,DUSUN SUKA JADI,01,1223050005000601
KUALUH SELATAN,LOBU HUALA,DUSUN 1 GUNUNG LONCENG,00,1223050001000100
KUALUH SELATAN,LOBU HUALA,DUSUN 2 GUNUNG LONCENG,00,1223050001000200
KUALUH SELATAN,LOBU HUALA,DUSUN LOBU HUALA,00,1223050001000400
KUALUH SELATAN,LOBU HUALA,DUSUN 5 SOBU SOBU,00,1223050001000600
KUALUH SELATAN,SIALANG TAJI,DUSUN PARDOMUAN NAULI 1,00,1223050012000100
KUALUH SELATAN,SIALANG TAJI,DUSUN PARDOMUAN NAULI 2,00,1223050012000200
KUALUH SELATAN,SIALANG TAJI,DUSUN SEI BULUH,00,1223050012001300
KUALUH SELATAN,SIALANG TAJI,DUSUN KAMPUNG AYU,00,1223050012001400
KUALUH SELATAN,TANJUNG PASIR,DUSUN TANJUNG PASIR PEKAN,00,1223050011000600
KUALUH SELATAN,TANJUNG PASIR,DUSUN TANJUNG SELAMAT SELATAN,00,1223050011001100
KUALUH SELATAN,TANJUNG PASIR,DUSUN SUKA JADI 3,00,1223050011001700
KUALUH SELATAN,TANJUNG PASIR,DUSUN 3 KAMPUNG BANJAR,01,1223050011000301
KUALUH SELATAN,TANJUNG PASIR,DUSUN 3 KAMPUNG BANJAR,02,1223050011000302
KUALUH SELATAN,TANJUNG PASIR,DUSUN 3 KAMPUNG BANJAR,03,1223050011000303
KUALUH SELATAN,SIALANG TAJI,DUSUN HUTA BARU,01,1223050012000301
KUALUH SELATAN,SIALANG TAJI,DUSUN HUTA BARU,02,1223050012000302
KUALUH SELATAN,SIALANG TAJI,DUSUN LUMBAN HARIARA,00,1223050012000600
KUALUH SELATAN,SIALANG TAJI,DUSUN PASIR BENGKUANG,00,1223050012001000
KUALUH SELATAN,TANJUNG PASIR,DUSUN KAMPUNG TENGAH,00,1223050011000400
KUALUH SELATAN,TANJUNG PASIR,DUSUN KAMPUNG MEDAN BARAT,00,1223050011001800
KUALUH SELATAN,TANJUNG PASIR,DUSUN KAMPUNG MEDAN TIMUR,00,1223050011002400
KUALUH SELATAN,SIALANG TAJI,DUSUN KILANG SAMIN,00,1223050012001100
KUALUH SELATAN,SIALANG TAJI,DUSUN PT. SINAR MAS,00,1223050012001500
KUALUH SELATAN,GUNTING SAGA,LINGKUNGAN 14 SIBIRONG,00,1223050010001400
KUALUH SELATAN,TANJUNG PASIR,DUSUN TANJUNG SARI 1,01,1223050011000801
KUALUH SELATAN,TANJUNG PASIR,DUSUN TANJUNG SARI 1,02,1223050011000802
KUALUH SELATAN,TANJUNG PASIR,DUSUN PERNANGKAAN,00,1223050011002300
KUALUH SELATAN,SIMANGALAM,DUSUN PARSAORAN,00,1223050003000700
KUALUH SELATAN,SIMANGALAM,DUSUN TANJUNG ALAM,00,1223050003001100
KUALUH SELATAN,SIMANGALAM,DUSUN SITUNGIR KAMPUNG BARU,00,1223050003001300
KUALUH SELATAN,SIMANGALAM,DUSUN SITUNGIR STASIUN,00,1223050003001400
KUALUH SELATAN,TANJUNG PASIR,DUSUN KAMPUNG LIMA PULUH,01,1223050011001301
KUALUH SELATAN,TANJUNG PASIR,DUSUN KAMPUNG LIMA PULUH,02,1223050011001302
KUALUH SELATAN,SIALANG TAJI,DUSUN PANGAMOAN,00,1223050012000400
KUALUH SELATAN,SIALANG TAJI,DUSUN RAMBONG MERAH,00,1223050012000500
KUALUH SELATAN,LOBU HUALA,DUSUN KAMPUNG PISANG,00,1223050001000300
KUALUH SELATAN,SIAMPORIK,DUSUN SINAR PAGI 1,00,1223050002000100
KUALUH SELATAN,SIAMPORIK,DUSUN KAMPUNG DURIAN,00,1223050002000800
KUALUH SELATAN,GUNUNG MELAYU,DUSUN 4A PALIA,01,1223050004000501
KUALUH SELATAN,GUNUNG MELAYU,DUSUN 4A PALIA,02,1223050004000502
KUALUH SELATAN,TANJUNG PASIR,DUSUN SUKA JADI 1,00,1223050011001400
KUALUH SELATAN,TANJUNG PASIR,DUSUN KAMPUNG TENGAH UTARA,00,1223050011002000
KUALUH SELATAN,TANJUNG PASIR,DUSUN 2 KAMPUNG BANJAR,01,1223050011000201
KUALUH SELATAN,TANJUNG PASIR,DUSUN KAMPUNG LIMA PULUH BARAT,00,1223050011001200
KUALUH SELATAN,TANJUNG PASIR,DUSUN TANJUNG SARI 2,00,1223050011000900
KUALUH SELATAN,TANJUNG PASIR,DUSUN TANJUNG SELAMAT,00,1223050011001000
KUALUH SELATAN,TANJUNG PASIR,DUSUN PEMUDILAN,00,1223050011001500
KUALUH SELATAN,TANJUNG PASIR,DUSUN KAMPUNG JERUK,00,1223050011000700
KUALUH SELATAN,TANJUNG PASIR,DUSUN SUKA JADI 2,00,1223050011001600
KUALUH SELATAN,TANJUNG PASIR,DUSUN TANJUNG PASIR PEKAN RAYA,00,1223050011002200
KUALUH SELATAN,SIALANG TAJI,DUSUN AEK NATAS,00,1223050012000800
KUALUH SELATAN,SIALANG TAJI,DUSUN KILANG SAUDARA,00,1223050012000900
KUALUH SELATAN,HASANG,DUSUN 2 HASANG,00,1223050007000200
KUALUH SELATAN,TANJUNG PASIR,DUSUN 2 KAMPUNG BANJAR,02,1223050011000202
KUALUH SELATAN,TANJUNG PASIR,DUSUN HUTA,00,1223050011000500
KUALUH SELATAN,SIALANG TAJI,DUSUN SEI NAITEK SEBERANG,00,1223050012001200
KUALUH SELATAN,TANJUNG PASIR,DUSUN 1 KAMPUNG BANJAR,01,1223050011000101
KUALUH SELATAN,TANJUNG PASIR,DUSUN 1 KAMPUNG BANJAR,02,1223050011000102
KUALUH SELATAN,SIALANG TAJI,DUSUN KAMP SELAMAT,00,1223050012000700
KUALUH SELATAN,SIAMPORIK,DUSUN SIAMPORIK,01,1223050002000201
KUALUH SELATAN,SIAMPORIK,DUSUN SIAMPORIK,02,1223050002000202
KUALUH SELATAN,SIAMPORIK,DUSUN TAPIAN,00,1223050002000600
KUALUH SELATAN,SIAMPORIK,DUSUN SI RATA RATA,00,1223050002000700
KUALUH SELATAN,SIAMPORIK,DUSUN SINAR PAGI 2,00,1223050002001100
KUALUH SELATAN,SIMANGALAM,DUSUN BARISAN REL,00,1223050003000600
KUALUH SELATAN,DAMULI KEBUN,DUSUN 4 PT KISS,00,1223050006000900
KUALUH SELATAN,BANDAR LAMA,DUSUN PADANG LAIS,00,1223050008000400
KUALUH SELATAN,BANDAR LAMA,DUSUN KAMPUNG TENGAH,00,1223050008000600
KUALUH SELATAN,SIMANGALAM,DUSUN RIANIATE,00,1223050003000800
KUALUH SELATAN,GUNUNG MELAYU,DUSUN 3A KAMPUNG LALANG,00,1223050004000300
KUALUH SELATAN,GUNUNG MELAYU,DUSUN 3B KAMPUNG LALANG,00,1223050004000400
KUALUH SELATAN,SIMANGALAM,DUSUN PARDOMUAN NAULI,00,1223050003000900
KUALUH SELATAN,DAMULI PEKAN,DUSUN KARANG SARI 1,01,1223050005000301
KUALUH SELATAN,DAMULI PEKAN,DUSUN KARANG SARI 1,02,1223050005000302
KUALUH SELATAN,SIMANGALAM,DUSUN 1 SIMANGALAM,00,1223050003000100
KUALUH SELATAN,SIMANGALAM,DUSUN PERSATUAN,00,1223050003000200
KUALUH SELATAN,SIMANGALAM,DUSUN SITIO-TIO PASAR,00,1223050003000400
KUALUH SELATAN,SIMANGALAM,DUSUN SITIO-TIO DARAT,00,1223050003000500
KUALUH SELATAN,SIAMPORIK,DUSUN AMBACANG,00,1223050002000300
KUALUH SELATAN,SIAMPORIK,DUSUN BULU SOMA,00,1223050002000400
KUALUH SELATAN,SIAMPORIK,DUSUN AEK SIALA,00,1223050002000500
KUALUH SELATAN,SIAMPORIK,DUSUN SILANDORUNG,00,1223050002000900
KUALUH SELATAN,SIAMPORIK,DUSUN BUKIT DAME,00,1223050002001000
KUALUH SELATAN,SIMANGALAM,DUSUN SIDOREJO,00,1223050003000300
KUALUH SELATAN,SIMANGALAM,DUSUN SIDOTANI,00,1223050003001000
KUALUH SELATAN,DAMULI KEBUN,DUSUN 1B PONDOK ALIAN,00,1223050006000800
KUALUH SELATAN,SIMANGALAM,DUSUN PATOK BOSI,00,1223050003001200
KUALUH SELATAN,GUNUNG MELAYU,DUSUN 1 KAMPUNG LALANG,00,1223050004000100
KUALUH SELATAN,GUNUNG MELAYU,DUSUN 2 KAMPUNG LALANG,01,1223050004000201
KUALUH SELATAN,DAMULI KEBUN,DUSUN 3 PASAR 4 PONDOK,00,1223050006000300
KUALUH SELATAN,DAMULI KEBUN,DUSUN 5 MPP,01,1223050006000501
KUALUH SELATAN,DAMULI KEBUN,DUSUN 5 MPP,02,1223050006000502
KUALUH SELATAN,DAMULI KEBUN,DUSUN 6 KAMPUNG BARU,00,1223050006000600
KUALUH SELATAN,GUNTING SAGA,LINGKUNGAN 1 GUNTING SAGA PU,01,1223050010000101
KUALUH SELATAN,GUNTING SAGA,LINGKUNGAN 6 PANJANG BIDANG 2,00,1223050010000600
KUALUH SELATAN,GUNTING SAGA,LINGKUNGAN 7 TD BOLON,00,1223050010000700
KUALUH SELATAN,GUNTING SAGA,LINGKUNGAN 1 GUNTING SAGA PU,02,1223050010000102
KUALUH SELATAN,GUNTING SAGA,LINGKUNGAN 2 PALANG,00,1223050010000200
KUALUH SELATAN,GUNTING SAGA,LINGKUNGAN 12 GUNTING SAGA ATAS 2,00,1223050010001200
KUALUH SELATAN,GUNTING SAGA,LINGKUNGAN 4 PEKAN TIMUR,00,1223050010000400
KUALUH SELATAN,GUNTING SAGA,LINGKUNGAN 8 TANAH TINGGI,00,1223050010000800
KUALUH SELATAN,GUNTING SAGA,LINGKUNGAN 9 RANTAU SELAMAT 1,00,1223050010000900
KUALUH SELATAN,DAMULI PEKAN,DUSUN SUKA JADI,02,1223050005000602
KUALUH SELATAN,GUNTING SAGA,LINGKUNGAN 11 GUNTING SAGA ATAS 1,00,1223050010001100
KUALUH SELATAN,SIDUA-DUA,DUSUN 2,00,1223050009000200
KUALUH SELATAN,GUNTING SAGA,LINGKUNGAN 5 PANJANG BIDANG 1,01,1223050010000501
KUALUH SELATAN,GUNTING SAGA,LINGKUNGAN 13 PENGASEAN,00,1223050010001300
KUALUH SELATAN,GUNUNG MELAYU,DUSUN 2 KAMPUNG LALANG,02,1223050004000202
KUALUH SELATAN,GUNTING SAGA,LINGKUNGAN 5 PANJANG BIDANG 1,02,1223050010000502
KUALUH SELATAN,GUNTING SAGA,LINGKUNGAN 10 RANTAU SELAMAT 2,00,1223050010001000
KUALUH SELATAN,GUNUNG MELAYU,DUSUN 4B PASAR EMPAT,00,1223050004000600
KUALUH SELATAN,GUNUNG MELAYU,DUSUN 5 TEGAL LEGO,01,1223050004000701
KUALUH SELATAN,GUNUNG MELAYU,DUSUN 5 TEGAL LEGO,02,1223050004000702
KUALUH SELATAN,SIDUA-DUA,DUSUN 1,00,1223050009000100
KUALUH SELATAN,SIDUA-DUA,DUSUN 5,00,1223050009000500
KUALUH SELATAN,SIDUA-DUA,DUSUN 6,00,1223050009000600
KUALUH SELATAN,BANDAR LAMA,DUSUN KAMPUNG TEMPEL,00,1223050008000300
KUALUH SELATAN,BANDAR LAMA,DUSUN DOLOK NAGODANG,00,1223050008000700
KUALUH SELATAN,BANDAR LAMA,DUSUN KAMPUNG DURIAN 3B,00,1223050008000900
KUALUH SELATAN,BANDAR LAMA,DUSUN KAMPUNG DURIAN 3A,00,1223050008001000
KUALUH SELATAN,GUNUNG MELAYU,DUSUN 6 TEGAL LEGO,00,1223050004000800
KUALUH SELATAN,GUNUNG MELAYU,DUSUN 7 SINAR TOBA,00,1223050004000900
KUALUH SELATAN,SIDUA-DUA,DUSUN 8,00,1223050009000800
KUALUH SELATAN,SIDUA-DUA,DUSUN 9 KAMPUNG TENGAH,01,1223050009000901
KUALUH SELATAN,SIDUA-DUA,DUSUN 9 KAMPUNG TENGAH,02,1223050009000902
KUALUH SELATAN,DAMULI PEKAN,DUSUN LUBUK TIKO,00,1223050005000700
KUALUH SELATAN,DAMULI PEKAN,DUSUN SIMPANG SIRANGGONG,02,1223050005000802
KUALUH SELATAN,DAMULI PEKAN,DUSUN PASUNDAN,00,1223050005001000
KUALUH SELATAN,DAMULI KEBUN,DUSUN 1A PASAR 1,00,1223050006000100
KUALUH SELATAN,DAMULI KEBUN,DUSUN 2B SIMPANG HASANG,00,1223050006000200
KUALUH SELATAN,GUNTING SAGA,LINGKUNGAN 3 PEKAN BARAT,00,1223050010000300
KUALUH SELATAN,BANDAR LAMA,DUSUN BANDAR LAMA 1A,00,1223050008000100
KUALUH SELATAN,BANDAR LAMA,DUSUN BANDAR LAMA 1B,00,1223050008000200
KUALUH SELATAN,BANDAR LAMA,DUSUN BULU DURI,00,1223050008000500
KUALUH SELATAN,BANDAR LAMA,DUSUN GELUGUR,00,1223050008000800
KUALUH SELATAN,SIDUA-DUA,DUSUN 3,00,1223050009000300
KUALUH SELATAN,SIDUA-DUA,DUSUN 4 KAMPUNG BARU,00,1223050009000400
KUALUH SELATAN,SIDUA-DUA,DUSUN 7,00,1223050009000700
MARBAU,SIPARE-PARE HILIR,DUSUN 1 RANTAU PANJANG,00,1223020006000100
MARBAU,SIPARE-PARE TENGAH,DUSUN 1,00,1223020007000100
MARBAU,SIPARE-PARE TENGAH,DUSUN 5,00,1223020007000500
MARBAU,MARBAU,LINGKUNGAN 2 PEKAN MARBAU,01,1223020011000201
MARBAU,MARBAU,LINGKUNGAN 2 PEKAN MARBAU,02,1223020011000202
MARBAU,MARBAU,LINGKUNGAN 3 SEI MOLOR,00,1223020011000300
MARBAU,MARBAU,LINGKUNGAN 5 ALANG TUNAS,00,1223020011000500
MARBAU,BELONGKUT,DUSUN 6,00,1223020009000600
MARBAU,BELONGKUT,DUSUN 7,00,1223020009000700
MARBAU,BELONGKUT,DUSUN 8,00,1223020009000800
MARBAU,BELONGKUT,DUSUN 9,00,1223020009000900
MARBAU,SIPARE-PARE TENGAH,DUSUN 3,00,1223020007000300
MARBAU,SIPARE-PARE TENGAH,DUSUN 6,00,1223020007000600
MARBAU,PULO BARGOT,DUSUN 4 SIDOREJO,00,1223020004000400
MARBAU,SIPARE-PARE TENGAH,DUSUN 4,00,1223020007000400
MARBAU,BELONGKUT,DUSUN 5,00,1223020009000500
MARBAU,BELONGKUT,DUSUN 10,00,1223020009001000
MARBAU,BELONGKUT,DUSUN 11,00,1223020009001100
MARBAU,BELONGKUT,DUSUN 12,00,1223020009001200
MARBAU,BELONGKUT,DUSUN 1,00,1223020009000100
MARBAU,BELONGKUT,DUSUN 2,00,1223020009000200
MARBAU,BELONGKUT,DUSUN 3,00,1223020009000300
MARBAU,MARBAU SELATAN,DUSUN 5 SINAR JADI,00,1223020013000500
MARBAU,MARBAU SELATAN,DUSUN 6 SIDODADI,01,1223020013000601
MARBAU,MARBAU SELATAN,DUSUN 6 SIDODADI,02,1223020013000602
MARBAU,MARBAU SELATAN,DUSUN 7 MBK,00,1223020013000700
MARBAU,PERKEBUNAN MARBAU SELATAN,DUSUN 1 EMPLASMEN PERKEBUNAN MARSEL,00,1223020002000100
MARBAU,PERKEBUNAN MARBAU SELATAN,DUSUN 2 AFDELING 1 PERKEBUNAN MARSEL,00,1223020002000200
MARBAU,PERKEBUNAN MARBAU SELATAN,DUSUN 3 AFDELING  2 PERKEBUNAN MARSEL,00,1223020002000300
MARBAU,BABUSSALAM,DUSUN 3 BABUSALAM,00,1223020012000300
MARBAU,BABUSSALAM,DUSUN 4 BABUSALAM,00,1223020012000400
MARBAU,BABUSSALAM,DUSUN 5 BABUSALAM,00,1223020012000500
MARBAU,AEK TAPA,DUSUN 3 BULU TELANG,01,1223020014000301
MARBAU,AEK TAPA,DUSUN 3 BULU TELANG,02,1223020014000302
MARBAU,AEK TAPA,DUSUN 4 KAMPUNG BARU,01,1223020014000401
MARBAU,AEK TAPA,DUSUN 4 KAMPUNG BARU,02,1223020014000402
MARBAU,AEK TAPA,DUSUN 5 SUKA MAKMUR,00,1223020014000500
MARBAU,PERKEBUNAN PERNANTIAN,DUSUN 1,00,1223020001000100
MARBAU,AEK TAPA,DUSUN 2 BULU SARI,01,1223020014000201
MARBAU,AEK TAPA,DUSUN 2 BULU SARI,02,1223020014000202
MARBAU,PERKEBUNAN MARBAU SELATAN,DUSUN 4 AFDELING  4 PERKEBUNAN MARSEL,00,1223020002000400
MARBAU,PERKEBUNAN MARBAU SELATAN,DUSUN 5 AFDELING  5 PERKEBUNAN MARSEL,00,1223020002000500
MARBAU,PERKEBUNAN MARBAU SELATAN,DUSUN 6 AFDELING  6 PERKEBUNAN MARSEL,00,1223020002000600
MARBAU,PERKEBUNAN MARBAU SELATAN,DUSUN 7 AFDELING 3 PERKEBUNAN MARSEL,00,1223020002000700
MARBAU,BABUSSALAM,DUSUN 1 BABUSALAM,01,1223020012000101
MARBAU,BABUSSALAM,DUSUN 1 BABUSALAM,02,1223020012000102
MARBAU,BABUSSALAM,DUSUN 2 BABUSALAM,00,1223020012000200
MARBAU,PERKEBUNAN PERNANTIAN,DUSUN 2,00,1223020001000200
MARBAU,PERKEBUNAN PERNANTIAN,DUSUN 3,00,1223020001000300
MARBAU,PERKEBUNAN PERNANTIAN,DUSUN 4,00,1223020001000400
MARBAU,AEK TAPA,DUSUN 1 BATU SATU,01,1223020014000101
MARBAU,AEK TAPA,DUSUN 1 BATU SATU,02,1223020014000102
MARBAU,SIMPANG EMPAT,DUSUN 5,00,1223020010000500
MARBAU,SIMPANG EMPAT,DUSUN 7,00,1223020010000700
MARBAU,MARBAU SELATAN,DUSUN 4 INPRES,00,1223020013000400
MARBAU,SIMPANG EMPAT,DUSUN 1,01,1223020010000101
MARBAU,SIMPANG EMPAT,DUSUN 1,02,1223020010000102
MARBAU,MARBAU SELATAN,DUSUN 3 KAMPUNG JAWA,01,1223020013000301
MARBAU,MARBAU SELATAN,DUSUN 3 KAMPUNG JAWA,02,1223020013000302
MARBAU,SIMPANG EMPAT,DUSUN 6,00,1223020010000600
MARBAU,MARBAU SELATAN,DUSUN 2 KAYANGAN,00,1223020013000200
MARBAU,LOBU RAMPAH,DUSUN 1,00,1223020015000100
MARBAU,MARBAU,LINGKUNGAN 1  STASIUN,00,1223020011000100
MARBAU,MARBAU,LINGKUNGAN 4 KAMPUNG JAWA,01,1223020011000401
MARBAU,MARBAU,LINGKUNGAN 4 KAMPUNG JAWA,02,1223020011000402
MARBAU,SIMPANG EMPAT,DUSUN 3,00,1223020010000300
MARBAU,MARBAU SELATAN,DUSUN 1 PANCA BAKTI,00,1223020013000100
MARBAU,SIMPANG EMPAT,DUSUN 2,00,1223020010000200
MARBAU,MARBAU SELATAN,DUSUN 8 SIDO SARI,00,1223020013000800
MARBAU,MARBAU SELATAN,DUSUN 9 SUKA MAJU,00,1223020013000900
MARBAU,SIMPANG EMPAT,DUSUN 4,01,1223020010000401
MARBAU,SIMPANG EMPAT,DUSUN 4,02,1223020010000402
MARBAU,LOBU RAMPAH,DUSUN 2,00,1223020015000200
MARBAU,LOBU RAMPAH,DUSUN 3,00,1223020015000300
MARBAU,SUMBER MULYO,DUSUN 1 BANGUN SARI,01,1223020005000101
MARBAU,SUMBER MULYO,DUSUN 1 BANGUN SARI,02,1223020005000102
MARBAU,SIPARE-PARE HILIR,DUSUN 4 GARIANG KOPI,00,1223020006000400
MARBAU,SIPARE-PARE HILIR,DUSUN 5 KAMPUNG JAWA,00,1223020006000500
MARBAU,SUMBER MULYO,DUSUN 2 BANDAR RUKUN,01,1223020005000201
MARBAU,SUMBER MULYO,DUSUN 2 BANDAR RUKUN,02,1223020005000202
MARBAU,PULO BARGOT,DUSUN 5 BANDAR SENTOSA,00,1223020004000500
MARBAU,PULO BARGOT,DUSUN 7 BANDAR SENTOSA,00,1223020004000700
MARBAU,BELONGKUT,DUSUN 4,00,1223020009000400
MARBAU,SUMBER MULYO,DUSUN 3 SIDO MAKMUR,01,1223020005000301
MARBAU,SUMBER MULYO,DUSUN 3 SIDO MAKMUR,02,1223020005000302
MARBAU,SUMBER MULYO,DUSUN 6 PT SHJ,00,1223020005000600
MARBAU,PULO BARGOT,DUSUN 1 PULO BARGOT,01,1223020004000101
MARBAU,PULO BARGOT,DUSUN 1 PULO BARGOT,02,1223020004000102
MARBAU,SUMBER MULYO,DUSUN 4 TETAP JAYA,00,1223020005000400
MARBAU,SUMBER MULYO,DUSUN 5 JADI JAYA,00,1223020005000500
MARBAU,SIPARE-PARE HILIR,DUSUN 2 KAMPUNG SAWAH,00,1223020006000200
MARBAU,SIPARE-PARE HILIR,DUSUN 3 PADAT KARYA,00,1223020006000300
MARBAU,PERKEBUNAN MILANO,DUSUN 1,00,1223020003000100
MARBAU,PERKEBUNAN MILANO,DUSUN 2,00,1223020003000200
MARBAU,PULO BARGOT,DUSUN 6 SIDORUKUN,00,1223020004000600
MARBAU,SIPARE-PARE TENGAH,DUSUN 2,00,1223020007000200
MARBAU,BULUNGIHIT,DUSUN 1,00,1223020017000100
MARBAU,BULUNGIHIT,DUSUN 2,00,1223020017000200
MARBAU,PULO BARGOT,DUSUN 2 SELENGAT,00,1223020004000200
MARBAU,PULO BARGOT,DUSUN 3 SELENGAT,00,1223020004000300
MARBAU,TUBIRAN,DUSUN 4,00,1223020008000300
MARBAU,TUBIRAN,DUSUN 5,00,1223020008000400
MARBAU,TUBIRAN,DUSUN 1,00,1223020008000100
MARBAU,TUBIRAN,DUSUN 2,00,1223020008000200
MARBAU,PERKEBUNAN BRUSSEL,DUSUN 2,00,1223020016000200
MARBAU,AEK HITETORAS,DUSUN 8,00,1223020018000800
MARBAU,AEK HITETORAS,DUSUN 9,00,1223020018000900
MARBAU,AEK HITETORAS,DUSUN 10,00,1223020018001000
MARBAU,AEK HITETORAS,DUSUN 11,00,1223020018001100
MARBAU,BULUNGIHIT,DUSUN 6,00,1223020017000600
MARBAU,AEK HITETORAS,DUSUN 1,00,1223020018000100
MARBAU,AEK HITETORAS,DUSUN 2,00,1223020018000200
MARBAU,AEK HITETORAS,DUSUN 3,00,1223020018000300
MARBAU,PERKEBUNAN BRUSSEL,DUSUN 1,00,1223020016000100
MARBAU,PERKEBUNAN BRUSSEL,DUSUN 3,00,1223020016000300
MARBAU,BULUNGIHIT,DUSUN 3,00,1223020017000300
MARBAU,BULUNGIHIT,DUSUN 4,00,1223020017000400
MARBAU,BULUNGIHIT,DUSUN 5,00,1223020017000500
MARBAU,AEK HITETORAS,DUSUN 4,00,1223020018000400
MARBAU,AEK HITETORAS,DUSUN 5,00,1223020018000500
MARBAU,AEK HITETORAS,DUSUN 6,00,1223020018000600
MARBAU,AEK HITETORAS,DUSUN 7,00,1223020018000700
NA IX-X,BATU TUNGGAL,DUSUN HUTA PADANG,00,1223010002000400
NA IX-X,BATU TUNGGAL,DUSUN HUTA BARU,00,1223010002000500
NA IX-X,BATU TUNGGAL,DUSUN KAMPUNG KILANG,00,1223010002000600
NA IX-X,BATU TUNGGAL,DUSUN AEK MANIS,00,1223010002000800
NA IX-X,PEMATANG,DUSUN 1 PADANG NABIDANG,00,1223010001000100
NA IX-X,PEMATANG,DUSUN 2 SI RIA RIA A,00,1223010001000200
NA IX-X,PEMATANG,DUSUN 3 SI RIA RIA B,00,1223010001000300
NA IX-X,PEMATANG,DUSUN 4 NAPOMPAR,00,1223010001000400
NA IX-X,PEMATANG,DUSUN 5 PEMATANG BARU,00,1223010001000500
NA IX-X,PEMATANG,DUSUN 6 HASONA,00,1223010001000600
NA IX-X,PEMATANG,DUSUN SOPOLONGAT JAE,00,1223010001000700
NA IX-X,PEMATANG,DUSUN SOPOLONGAT JULU,00,1223010001000800
NA IX-X,BATU TUNGGAL,DUSUN 2 BATU TUNGGAL,01,1223010002000201
NA IX-X,BATU TUNGGAL,DUSUN 2 BATU TUNGGAL,02,1223010002000202
NA IX-X,BATU TUNGGAL,DUSUN RIMBAYA,01,1223010002000301
NA IX-X,BATU TUNGGAL,DUSUN RIMBAYA,02,1223010002000302
NA IX-X,PERKEBUNAN BERANGIR,DUSUN EMPLASMEN BERINGIN 1,00,1223010004000100
NA IX-X,PERKEBUNAN BERANGIR,DUSUN EMPLASMEN TURI,00,1223010004000300
NA IX-X,PERKEBUNAN BERANGIR,DUSUN AFDELING 3,00,1223010004000600
NA IX-X,PERKEBUNAN BERANGIR,DUSUN AFDELING 4,00,1223010004000700
NA IX-X,PERKEBUNAN BERANGIR,DUSUN AFDELING 5,00,1223010004000800
NA IX-X,PERKEBUNAN BERANGIR,DUSUN AFDELING 6,00,1223010004000900
NA IX-X,SIMPANG MARBAU,DUSUN 1,02,1223010012000102
NA IX-X,SIMPANG MARBAU,DUSUN 3,00,1223010012000300
NA IX-X,SIMPANG MARBAU,DUSUN 1,01,1223010012000101
NA IX-X,SIMPANG MARBAU,DUSUN 4,00,1223010012000400
NA IX-X,SIMPANG MARBAU,DUSUN 6,00,1223010012000600
NA IX-X,BATU TUNGGAL,DUSUN SUKA RAKYAT 2,01,1223010002000701
NA IX-X,BATU TUNGGAL,DUSUN SUKA RAKYAT 2,02,1223010002000702
NA IX-X,BATU TUNGGAL,DUSUN AEK PASAR,00,1223010002000900
NA IX-X,SUNGAI RAJA,DUSUN 1 PASAR BATU,01,1223010003000101
NA IX-X,SUNGAI RAJA,DUSUN 1 PASAR BATU,02,1223010003000102
NA IX-X,SUNGAI RAJA,DUSUN 3 PINANG LOMBANG ATAS,01,1223010003000301
NA IX-X,SUNGAI RAJA,DUSUN 3 PINANG LOMBANG ATAS,02,1223010003000302
NA IX-X,PASANG LELA,DUSUN PASAR LORI A,01,1223010005000101
NA IX-X,PASANG LELA,DUSUN PASAR LORI A,02,1223010005000102
NA IX-X,PASANG LELA,DUSUN PASANG LELA,01,1223010005000301
NA IX-X,PASANG LELA,DUSUN PASANG LELA,02,1223010005000302
NA IX-X,PASANG LELA,DUSUN PASAR LORI B,01,1223010005000201
NA IX-X,PASANG LELA,DUSUN PASAR LORI B,02,1223010005000202
NA IX-X,PASANG LELA,DUSUN SOSOPAN,00,1223010005000400
NA IX-X,PASANG LELA,DUSUN TAMPAK LOBANG,00,1223010005000500
NA IX-X,BATU TUNGGAL,DUSUN SUKA RAKYAT 1,00,1223010002000100
NA IX-X,SUNGAI RAJA,DUSUN 4 PINANG LOMBANG BAWAH,01,1223010003000401
NA IX-X,SUNGAI RAJA,DUSUN 4 PINANG LOMBANG BAWAH,02,1223010003000402
NA IX-X,SUNGAI RAJA,DUSUN 2 SUMBERJO,01,1223010003000201
NA IX-X,SUNGAI RAJA,DUSUN 2 SUMBERJO,02,1223010003000202
NA IX-X,SUNGAI RAJA,DUSUN 7 KAMPUNG BERANGIR,01,1223010003000701
NA IX-X,SUNGAI RAJA,DUSUN 7 KAMPUNG BERANGIR,02,1223010003000702
NA IX-X,SUNGAI RAJA,DUSUN 8 MASIHI,01,1223010003000801
NA IX-X,SUNGAI RAJA,DUSUN 8 MASIHI,02,1223010003000802
NA IX-X,SUNGAI RAJA,DUSUN 5 SIDOMULYO,01,1223010003000501
NA IX-X,SUNGAI RAJA,DUSUN 5 SIDOMULYO,02,1223010003000502
NA IX-X,SUNGAI RAJA,DUSUN 6 AEK TUALANG,00,1223010003000600
NA IX-X,SUNGAI RAJA,DUSUN SUMBERJO SELATAN,00,1223010003000900
NA IX-X,AEK KOTA BATU,LINGKUNGAN 6 SUKA RAMAI,00,1223010011000600
NA IX-X,AEK KOTA BATU,LINGKUNGAN 7 PIPRO,00,1223010011000700
NA IX-X,AEK KOTA BATU,LINGKUNGAN 3 SIMP PANEGORAN,01,1223010011000301
NA IX-X,AEK KOTA BATU,LINGKUNGAN 3 SIMP PANEGORAN,02,1223010011000302
NA IX-X,AEK KOTA BATU,LINGKUNGAN 3 SIMP PANEGORAN,03,1223010011000303
NA IX-X,AEK KOTA BATU,LINGKUNGAN 1 PEKAN AEK KOTA BATU,01,1223010011000101
NA IX-X,AEK KOTA BATU,LINGKUNGAN 1 PEKAN AEK KOTA BATU,02,1223010011000102
NA IX-X,AEK KOTA BATU,LINGKUNGAN 2 SIRANDORUNG,01,1223010011000201
NA IX-X,AEK KOTA BATU,LINGKUNGAN 2 SIRANDORUNG,02,1223010011000202
NA IX-X,MERANTI OMAS,DUSUN TELUK GODANG,00,1223010008000200
NA IX-X,MERANTI OMAS,DUSUN SAYUR MATINGGI,00,1223010008000400
NA IX-X,MERANTI OMAS,DUSUN GUNUNG MARIA,00,1223010008000500
NA IX-X,AEK KOTA BATU,LINGKUNGAN 5 PURWO SARI,01,1223010011000501
NA IX-X,AEK KOTA BATU,LINGKUNGAN 5 PURWO SARI,02,1223010011000502
NA IX-X,PERKEBUNAN BERANGIR,DUSUN EMPLASMEN BERINGIN 2,00,1223010004000200
NA IX-X,AEK KOTA BATU,LINGKUNGAN 4 UJUNG GODANG,00,1223010011000400
NA IX-X,BANGUN REJO,DUSUN AFDELING SELATAN,00,1223010009000500
NA IX-X,KAMPUNG PAJAK,DUSUN 2A AEK MARBATU,00,1223010010000600
NA IX-X,KAMPUNG PAJAK,DUSUN 1A,01,1223010010000101
NA IX-X,KAMPUNG PAJAK,DUSUN 1A,02,1223010010000102
NA IX-X,KAMPUNG PAJAK,DUSUN PT BINANGA,00,1223010010000800
NA IX-X,KAMPUNG PAJAK,DUSUN 2B AEK MARBATU,01,1223010010000701
NA IX-X,KAMPUNG PAJAK,DUSUN 2B AEK MARBATU,02,1223010010000702
NA IX-X,KAMPUNG PAJAK,DUSUN 1B,01,1223010010000201
NA IX-X,KAMPUNG PAJAK,DUSUN 1B,02,1223010010000202
NA IX-X,BANGUN REJO,DUSUN AEK SORDANG,00,1223010009000700
NA IX-X,KAMPUNG PAJAK,DUSUN 1C,01,1223010010000301
NA IX-X,KAMPUNG PAJAK,DUSUN 1C,02,1223010010000302
NA IX-X,KAMPUNG PAJAK,DUSUN 1D,01,1223010010000401
NA IX-X,KAMPUNG PAJAK,DUSUN 1D,02,1223010010000402
NA IX-X,KAMPUNG PAJAK,DUSUN 1E,00,1223010010000500
NA IX-X,PULO JANTAN,DUSUN III KAMPUNG JAWA,01,1223010013000301
NA IX-X,PULO JANTAN,DUSUN III KAMPUNG JAWA,02,1223010013000302
NA IX-X,BANGUN REJO,DUSUN BANGUN REJO,00,1223010009000300
NA IX-X,BANGUN REJO,DUSUN ADIAN KULIM,01,1223010009000401
NA IX-X,PULO JANTAN,DUSUN II PASAR PANIGORAN,00,1223010013000200
NA IX-X,PULO JANTAN,DUSUN IV BANGUN SARI I,00,1223010013000400
NA IX-X,BANGUN REJO,DUSUN SUKU DAME,00,1223010009000100
NA IX-X,BANGUN REJO,DUSUN PADANG NABIDANG,00,1223010009000200
NA IX-X,BANGUN REJO,DUSUN ADIAN KULIM,02,1223010009000402
NA IX-X,BANGUN REJO,DUSUN TITI PAYUNG,00,1223010009000600
NA IX-X,PULO JANTAN,DUSUN I KAMPUNG BAGAN,00,1223010013000100
NA IX-X,PULO JANTAN,DUSUN V SUKA JADI II,00,1223010013000600
NA IX-X,PULO JANTAN,DUSUN VIII PENUSUNAN,00,1223010013000800
NA IX-X,PULO JANTAN,DUSUN X KAMPUNG DALAM,00,1223010013001000
NA IX-X,PERKEBUNAN BERANGIR,DUSUN AFDELING 2,00,1223010004000500
NA IX-X,HATAPANG,DUSUN HATAPANG,00,1223010007000100
NA IX-X,HATAPANG,DUSUN PADANG NABIDANG,00,1223010007000200
NA IX-X,HATAPANG,DUSUN HUALA BARU,00,1223010007000300
NA IX-X,HATAPANG,DUSUN BANGUN INDAH,00,1223010007000400
NA IX-X,HATAPANG,DUSUN HATAPANG JULU,00,1223010007000500
NA IX-X,PULO JANTAN,DUSUN V SUKA JADI I,00,1223010013000500
NA IX-X,PULO JANTAN,DUSUN VII JALAN MARBAU,00,1223010013000700
NA IX-X,PULO JANTAN,DUSUN IX BANGUN SARI II,00,1223010013000900
NA IX-X,PERKEBUNAN BERANGIR,DUSUN AFDELING 1,00,1223010004000400
NA IX-X,SIMPANG MARBAU,DUSUN 5,01,1223010012000501
NA IX-X,SIMPANG MARBAU,DUSUN 5,02,1223010012000502
NA IX-X,SILUMAJANG,DUSUN 5 PULO GODANG,00,1223010006000600
NA IX-X,SILUMAJANG,DUSUN 6 DIVISI 3 PRNE,00,1223010006000700
NA IX-X,SILUMAJANG,DUSUN 7 PADANG MAHONDANG,00,1223010006000800
NA IX-X,SILUMAJANG,DUSUN 1 MONTONG,01,1223010006000101
NA IX-X,SILUMAJANG,DUSUN 1 MONTONG,02,1223010006000102
NA IX-X,SILUMAJANG,DUSUN 3 PIRLOK,01,1223010006000301
NA IX-X,SILUMAJANG,DUSUN 2 PANDUAN,00,1223010006000200
NA IX-X,SILUMAJANG,DUSUN 3 PIRLOK,02,1223010006000302
NA IX-X,SILUMAJANG,DUSUN 5 SILUMAJANG,00,1223010006000500
NA IX-X,SIMPANG MARBAU,DUSUN 2,01,1223010012000201
NA IX-X,SIMPANG MARBAU,DUSUN 2,02,1223010012000202
NA IX-X,SILUMAJANG,DUSUN 4 PULO HOPUR,01,1223010006000401
NA IX-X,SILUMAJANG,DUSUN 4 PULO HOPUR,02,1223010006000402
NA IX-X,MERANTI OMAS,DUSUN BALAI DESA,01,1223010008000101
NA IX-X,MERANTI OMAS,DUSUN BALAI DESA,02,1223010008000102
NA IX-X,MERANTI OMAS,DUSUN BATU SINANGGAR,00,1223010008000300
